futu_code,code,name,industry,latest_price,pe_dynamic,pb,turnover_amount,float_market_cap,risk_flags,fundamental_quality_score,growth_quality_score,valuation_score,price_volume_score,pct_change_20d
SZ.000977,000977,浪潮信息,计算机设备,78.17,44.925,5.2,3193011084,114790820121,,68,72,35,88,31.6
SH.688146,688146,中船特气,电子化学品,38.2,42.0,4.1,720000000,19000000000,,82,78,62,74,8.5
SZ.300308,300308,中际旭创,光通信,156.4,35.0,8.8,1600000000,116000000000,,76,88,58,82,12.2
SH.600519,600519,贵州茅台,白酒,1510.0,24.0,8.5,2100000000,1800000000000,,91,58,66,54,-1.4
SZ.300750,300750,宁德时代,电池,238.8,28.0,5.2,1900000000,990000000000,,84,76,64,71,5.1
SH.688981,688981,中芯国际,半导体,88.6,96.0,4.9,2500000000,510000000000,,65,72,42,86,18.0
SZ.000001,000001,平安银行,银行,11.5,5.8,0.55,530000000,223000000000,,70,45,82,48,-3.0
SH.600030,600030,中信证券,证券,27.3,18.0,1.45,1300000000,326000000000,,68,61,70,69,6.8
SZ.002371,002371,北方华创,半导体设备,332.0,55.0,9.2,980000000,176000000000,,79,84,52,79,10.4
